-- Apache Solutions Database Export
-- Generated: 2024-12-14
-- Import this file into your production database

-- Categories
INSERT INTO categories (id, name, description, sort_order, created_at) VALUES ('b7cea54a-dfc2-422f-96a9-2d4ab23cc544', 'Concealed Carry', '', NULL, '2025-12-14 07:50:59.258853');
INSERT INTO categories (id, name, description, sort_order, created_at) VALUES ('0be0b96a-5f1f-4957-917d-59e62e3d33ad', 'Hosted Courses', '', NULL, '2025-12-14 07:51:14.479096');
INSERT INTO categories (id, name, description, sort_order, created_at) VALUES ('bb0f329c-f556-439e-8547-86543c630e8c', 'Intermediate Courses', '', NULL, '2025-12-14 07:51:52.892482');
INSERT INTO categories (id, name, description, sort_order, created_at) VALUES ('833afd5d-0f34-452d-a210-018dc892b44c', 'Conferences', '', NULL, '2025-12-14 07:52:13.883738');

-- App Settings
INSERT INTO app_settings (id, home_courses_limit, stripe_client_id, updated_at) VALUES ('87c26e67-6835-4159-8925-ecc868f123ec', 20, NULL, '2025-12-12 17:25:13.230844');

-- Appointment Types
INSERT INTO appointment_types (id, title, description, duration_minutes, price, is_active, requires_approval, is_variable_duration, minimum_duration_hours, price_per_hour) VALUES ('965a617f-335b-4c86-a5a9-11af1ecea968', 'Free Consultation', 'Book a free 15-minute consultation to discuss your training needs and goals.', 15, 0.00, true, false, false, NULL, NULL);
INSERT INTO appointment_types (id, title, description, duration_minutes, price, is_active, requires_approval, is_variable_duration, minimum_duration_hours, price_per_hour) VALUES ('ec401b32-04f6-4654-a625-381f6ff7f8a2', 'One-on-One Training Session', 'Book a one-on-one training session with one of our instructors. $60/hour, $50/hr for 2+ hour sessions.', 60, 60.00, true, false, true, 1, 60.00);

-- Users (Admin)
INSERT INTO users (id, email, password_hash, is_email_verified, first_name, last_name, role, user_status, status_updated_at, license_expiration_reminder_days, enable_license_expiration_reminder, refresher_reminder_days, enable_refresher_reminder, sms_consent, enable_sms_notifications, enable_sms_reminders, enable_sms_payment_notices, enable_sms_announcements, stripe_connect_onboarding_complete, stripe_connect_details_submitted, stripe_connect_charges_enabled, stripe_connect_payouts_enabled, created_at, updated_at) VALUES ('114e467e-b7ac-44e2-acb7-308514c73790', 'jeremy@abqconcealedcarry.com', '$2b$12$QYF1nluXT6iZ7ylW0z.v/ecTG0zIawkF2bSN1epdLK0uAZAvGNkd.', true, 'Jeremy', 'Admin', 'superadmin', 'active', '2025-12-12 17:24:59.285', 60, true, 60, true, true, true, true, false, false, false, false, false, false, '2025-12-12 17:24:59.295072', '2025-12-12 17:24:59.295072');

-- Courses
INSERT INTO courses (id, title, description, brief_description, abbreviation, price, duration, category_id, category, rounds, max_students, instructor_id, is_active, status, image_url, show_on_home_page, sort_order, created_at, updated_at) VALUES ('796516cf-ba7a-4714-8a4f-59edda17caac', 'Holster Selection & Draw Stroke Lab', '2-Hour Indoor Workshop - Stay Warm and Build a Better Draw. Winter is the perfect time to work on your draw stroke without freezing at the range. This workshop covers holster selection criteria, proper draw stroke fundamentals, and practice techniques you can use at home.', 'Indoor workshop on holster selection and draw stroke fundamentals.', 'HSDS', 50.00, '2 hours (6pm-8pm)', 'bb0f329c-f556-439e-8547-86543c630e8c', 'Intermediate Courses', 0, 20, '114e467e-b7ac-44e2-acb7-308514c73790', true, 'published', '/objects/uploads/3adbbf10-d60f-48ea-a17f-605ca8e21e5f', true, 0, '2025-12-13 08:12:11.235303', '2025-12-14 07:54:22.81');

INSERT INTO courses (id, title, description, brief_description, abbreviation, price, duration, category_id, category, rounds, max_students, instructor_id, is_active, status, image_url, show_on_home_page, sort_order, created_at, updated_at) VALUES ('63d6104a-df97-49ba-a224-652abe0d0f41', 'Shivworks ECQC', 'Extreme Close Quarter Concepts (ECQC) is the flagship Shivworks Course taking place over 2.5 days with 24 training hours. This intensive program integrates empty hand combatives, weapon access, and the realities of violence at close range. Learn to manage unknown contacts, survive ambushes, and prevail in extreme close quarter situations.', 'Flagship 2.5-day Shivworks course covering extreme close quarter combatives and weapon access. Price TBD.', 'ECQC', 0.00, '2.5 days (24 training hours)', '0be0b96a-5f1f-4957-917d-59e62e3d33ad', 'Hosted Courses', 0, 20, '114e467e-b7ac-44e2-acb7-308514c73790', true, 'published', '/objects/uploads/2292fa27-ba08-4d98-bc0e-f8a7cde25ce7', true, 0, '2025-12-13 08:12:11.235303', '2025-12-14 07:56:28.122');

INSERT INTO courses (id, title, description, brief_description, abbreviation, price, duration, category_id, category, rounds, max_students, instructor_id, is_active, status, image_url, show_on_home_page, sort_order, created_at, updated_at) VALUES ('d301da0d-cde4-4fa8-8405-adac084eff9e', 'NC Concealed Carry Handgun Class', 'Earn Your NC Concealed Carry with Apache Solutions! Are you ready to take control of your personal safety? Look no further than our comprehensive NC Concealed Carry permit class. This course covers all required material for obtaining your North Carolina concealed carry permit, including safety fundamentals, legal considerations, and practical shooting qualification.', 'Comprehensive NC Concealed Carry permit class covering safety, legal considerations, and shooting qualification.', 'NCCC', 140.00, '8:30am-5:30pm (9 hours)', 'b7cea54a-dfc2-422f-96a9-2d4ab23cc544', 'Concealed Carry', 0, 20, '114e467e-b7ac-44e2-acb7-308514c73790', true, 'published', '/objects/uploads/ef9dc9ea-51c2-4aa7-8ae8-9df98cf795d1', true, 0, '2025-12-13 08:12:11.235303', '2025-12-14 07:53:24.652');

INSERT INTO courses (id, title, description, brief_description, abbreviation, price, duration, category_id, category, rounds, max_students, instructor_id, is_active, status, image_url, show_on_home_page, sort_order, created_at, updated_at) VALUES ('3d9d16dd-ef7a-468b-85a2-acb96b3dbe06', 'Pistol Maintenance Workshop', 'Winter Handgun Maintenance Workshop - Get Your Pistol Range-Ready! Kick off the new year right by giving your handgun the care it deserves - all from the comfort of the classroom. Learn proper cleaning techniques, maintenance schedules, and how to identify common issues before they become problems.', 'Classroom workshop on handgun cleaning, maintenance, and identifying common issues.', 'PMS', 50.00, '2 hours (5:30pm-7:30pm)', 'bb0f329c-f556-439e-8547-86543c630e8c', 'Intermediate Courses', 0, 20, '114e467e-b7ac-44e2-acb7-308514c73790', true, 'published', '/objects/uploads/7263b21e-46d2-4307-b43f-73dd02c74fac', true, 0, '2025-12-13 08:12:11.235303', '2025-12-14 07:53:58.503');

INSERT INTO courses (id, title, description, brief_description, abbreviation, price, duration, category_id, category, rounds, max_students, instructor_id, is_active, status, image_url, show_on_home_page, sort_order, created_at, updated_at) VALUES ('8284e69c-5525-4c0a-99bd-b6765e336b9e', 'Dry-Fire Practice That Actually Works', '2-Hour Indoor Workshop - Build Real Skill From the Comfort of the Classroom. Two hours indoors is worth days at a cold range. Learn effective dry-fire practice techniques, proper safety protocols, and how to structure your practice sessions for maximum improvement.', 'Indoor workshop on effective dry-fire practice techniques and safety protocols.', 'DFP', 50.00, '2 hours (6pm-8pm)', 'bb0f329c-f556-439e-8547-86543c630e8c', 'Intermediate Courses', 0, 20, '114e467e-b7ac-44e2-acb7-308514c73790', true, 'published', '/objects/uploads/a7674756-fb07-4802-88f9-7147533f08f5', true, 0, '2025-12-13 08:12:11.235303', '2025-12-14 07:54:45.054');

INSERT INTO courses (id, title, description, brief_description, abbreviation, price, duration, category_id, category, rounds, max_students, instructor_id, is_active, status, image_url, show_on_home_page, sort_order, created_at, updated_at) VALUES ('cdeaf88b-56fe-4644-aef7-aff268f1bb58', 'Practical Handgun: For the Everyday Armed American', 'Two-day comprehensive pistol course covering low light and practical handgun skills for the everyday armed American. This intensive training covers real-world scenarios, defensive shooting techniques, low-light operations, and the mindset needed for effective personal defense.', 'Two-day comprehensive course covering practical handgun skills and low-light operations.', 'PH', 500.00, '2 days', 'bb0f329c-f556-439e-8547-86543c630e8c', 'Intermediate Courses', 0, 20, '114e467e-b7ac-44e2-acb7-308514c73790', true, 'published', '/objects/uploads/77a42f64-e9c0-4803-a922-5d7c5818ca16', true, 0, '2025-12-13 08:12:11.235303', '2025-12-14 07:55:16.436');

INSERT INTO courses (id, title, description, brief_description, abbreviation, price, duration, category_id, category, rounds, max_students, instructor_id, is_active, status, image_url, show_on_home_page, sort_order, created_at, updated_at) VALUES ('8339fabe-6ab1-46da-af2e-70e2895264e8', 'GUNSET: Real World Trauma', 'Learn today''s proven trauma skills. Guest course by GUNSET covering real world trauma medical training. This comprehensive course teaches critical medical skills including hemorrhage control, airway management, and tactical evacuation care. Full day of hands-on training from 9am to 5pm.', 'Full-day guest course by GUNSET covering real-world trauma medical training. Price TBD.', 'RWT', 0.00, '8 hours (9am-5pm)', '0be0b96a-5f1f-4957-917d-59e62e3d33ad', 'Hosted Courses', 0, 20, '114e467e-b7ac-44e2-acb7-308514c73790', true, 'published', '/objects/uploads/8fd0826e-67e8-4493-a6ab-1016d0057730', true, 0, '2025-12-13 08:12:11.235303', '2025-12-14 07:56:13.914');

-- Course Schedules
INSERT INTO course_schedules (id, course_id, start_date, end_date, start_time, end_time, location, max_spots, available_spots, is_multi_day, is_recurring, recurrence_interval, waitlist_enabled, auto_confirm_registration, notes, created_at, updated_at) VALUES ('c53d3cb2-ae9e-4257-a325-c27e0d775e91', 'd301da0d-cde4-4fa8-8405-adac084eff9e', '2025-12-13 00:00:00', '2025-12-13 00:00:00', '08:30:00', '17:30:00', 'Apache Solutions', 12, 12, false, false, 1, true, true, 'NC Concealed Carry December Class', '2025-12-13 17:54:13.829957', '2025-12-13 17:54:13.829957');

INSERT INTO course_schedules (id, course_id, start_date, end_date, start_time, end_time, location, max_spots, available_spots, is_multi_day, is_recurring, recurrence_interval, waitlist_enabled, auto_confirm_registration, notes, created_at, updated_at) VALUES ('c6f33284-3b44-4022-8624-4594ff02337a', '3d9d16dd-ef7a-468b-85a2-acb96b3dbe06', '2026-01-09 00:00:00', '2026-01-09 00:00:00', '17:30:00', '19:30:00', 'Apache Solutions', 10, 10, false, false, 1, true, true, 'Pistol Maintenance Workshop', '2025-12-13 17:54:13.829957', '2025-12-13 17:54:13.829957');

INSERT INTO course_schedules (id, course_id, start_date, end_date, start_time, end_time, location, max_spots, available_spots, is_multi_day, is_recurring, recurrence_interval, waitlist_enabled, auto_confirm_registration, notes, created_at, updated_at) VALUES ('5feac495-80ea-4df6-8e15-6beb273b32d3', '796516cf-ba7a-4714-8a4f-59edda17caac', '2026-01-12 00:00:00', '2026-01-12 00:00:00', '18:00:00', '20:00:00', 'Apache Solutions', 10, 10, false, false, 1, true, true, 'Holster Selection & Draw Stroke Lab', '2025-12-13 17:54:13.829957', '2025-12-13 17:54:13.829957');

INSERT INTO course_schedules (id, course_id, start_date, end_date, start_time, end_time, location, max_spots, available_spots, is_multi_day, is_recurring, recurrence_interval, waitlist_enabled, auto_confirm_registration, notes, created_at, updated_at) VALUES ('f501f89f-b252-4184-a024-c96429772da1', '8284e69c-5525-4c0a-99bd-b6765e336b9e', '2026-01-26 00:00:00', '2026-01-26 00:00:00', '18:00:00', '20:00:00', 'Apache Solutions', 10, 10, false, false, 1, true, true, 'Dry-Fire Practice Workshop', '2025-12-13 17:54:13.829957', '2025-12-13 17:54:13.829957');

INSERT INTO course_schedules (id, course_id, start_date, end_date, start_time, end_time, location, max_spots, available_spots, is_multi_day, is_recurring, recurrence_interval, waitlist_enabled, auto_confirm_registration, notes, created_at, updated_at) VALUES ('78e80310-a6df-483c-a53b-29ec929f38dd', 'd301da0d-cde4-4fa8-8405-adac084eff9e', '2026-01-31 00:00:00', '2026-01-31 00:00:00', '08:30:00', '17:30:00', 'Apache Solutions', 12, 12, false, false, 1, true, true, 'NC Concealed Carry January Class', '2025-12-13 17:54:13.829957', '2025-12-13 17:54:13.829957');

INSERT INTO course_schedules (id, course_id, start_date, end_date, start_time, end_time, location, max_spots, available_spots, is_multi_day, is_recurring, recurrence_interval, waitlist_enabled, auto_confirm_registration, notes, created_at, updated_at) VALUES ('be6ce52e-6049-4279-8b50-54aed20656ee', '8339fabe-6ab1-46da-af2e-70e2895264e8', '2026-02-01 00:00:00', '2026-02-01 00:00:00', '09:00:00', '17:00:00', 'Apache Solutions', 20, 20, false, false, 1, true, true, 'GUNSET: Real World Trauma', '2025-12-13 17:54:13.829957', '2025-12-13 17:54:13.829957');

INSERT INTO course_schedules (id, course_id, start_date, end_date, start_time, end_time, location, max_spots, available_spots, is_multi_day, is_recurring, recurrence_interval, waitlist_enabled, auto_confirm_registration, notes, created_at, updated_at) VALUES ('78c0beef-5794-4643-8b20-5393fab0df37', 'd301da0d-cde4-4fa8-8405-adac084eff9e', '2026-02-28 00:00:00', '2026-02-28 00:00:00', '08:30:00', '17:30:00', 'Apache Solutions', 12, 12, false, false, 1, true, true, 'NC Concealed Carry February Class', '2025-12-13 17:54:13.829957', '2025-12-13 17:54:13.829957');

INSERT INTO course_schedules (id, course_id, start_date, end_date, start_time, end_time, location, max_spots, available_spots, is_multi_day, is_recurring, recurrence_interval, waitlist_enabled, auto_confirm_registration, notes, created_at, updated_at) VALUES ('1310c3b4-d14d-49b4-9a70-1538544ac069', '63d6104a-df97-49ba-a224-652abe0d0f41', '2026-03-13 00:00:00', '2026-03-15 00:00:00', '18:00:00', '19:00:00', 'Apache Solutions', 16, 16, false, false, 1, true, true, 'Shivworks ECQC - 2.5 Day Course', '2025-12-13 17:54:13.829957', '2025-12-13 17:54:13.829957');

INSERT INTO course_schedules (id, course_id, start_date, end_date, start_time, end_time, location, max_spots, available_spots, is_multi_day, is_recurring, recurrence_interval, waitlist_enabled, auto_confirm_registration, notes, created_at, updated_at) VALUES ('3c07170e-b646-4a4b-b511-363a4c9f985a', 'd301da0d-cde4-4fa8-8405-adac084eff9e', '2026-03-21 00:00:00', '2026-03-21 00:00:00', '08:30:00', '17:30:00', 'Apache Solutions', 12, 12, false, false, 1, true, true, 'NC Concealed Carry March Class', '2025-12-13 17:54:13.829957', '2025-12-13 17:54:13.829957');

INSERT INTO course_schedules (id, course_id, start_date, end_date, start_time, end_time, location, max_spots, available_spots, is_multi_day, is_recurring, recurrence_interval, waitlist_enabled, auto_confirm_registration, notes, created_at, updated_at) VALUES ('c198502c-8572-41bf-ba43-e71c0a2f3e63', 'cdeaf88b-56fe-4644-aef7-aff268f1bb58', '2026-03-21 00:00:00', '2026-03-22 00:00:00', '12:00:00', '21:00:00', 'Tap Rack Tactical, Gray KY', 12, 12, false, false, 1, true, true, 'Practical Handgun 2-Day Course', '2025-12-13 17:54:13.829957', '2025-12-13 17:54:13.829957');
